,
MBA경영,hunet MBA
MBA경영,[뉴노멀 MBA] 경영학
MBA마케팅,[뉴노멀 MBA] 마케팅
MBA인사/조직,[뉴노멀 MBA] 인사조직
MBA경영,[뉴노멀 MBA] 전략경영
MBA재무/회계,[뉴노멀 MBA] 회계재무
MBA재무/회계,[SMART MBA] 회계재무
MBA재무/회계,[SMART MBA] 금융 회계재무
MBA경영,[SMART MBA] 생생경영학
MBA인사/조직,[SMART MBA] 인사조직
MBA전략,[SMART MBA] 전략경영
MBA마케팅,[SMART MBA] 마케팅
MBA마케팅,[SMART MBA] 마케팅 커뮤니케이션
MBA전략,[4차산업혁명 MBA] 디지털 트랜스포메이션
MBA전략,[SMART MBA] 마케팅 전략수립 실무
MBA전략,(Smart MBA) 전략수립실무
MBA전략,[SMART MBA] 혁신전략
MBA전략,[디지털융합] [4차산업혁명 MBA] 비즈니스 애널리틱스
DB,"[DS Class] R로 배우는 데이터 분석 첫 걸음, 기초 문법으로 R 다지기"
DB,"[DS Class] R로 배우는 데이터 분석 첫 걸음, 통계부터 데이터 마이닝 실습까지"
DB,[HD]MS SQL Server 2016 기반의 데이터베이스 입문에서 활용까지 Part.1-1
DB,[HD]MS SQL Server 2016 기반의 데이터베이스 입문에서 활용까지 Part.1-2
DB,[HD]MS SQL Server 2016 기반의 데이터베이스 입문에서 활용까지 Part.1-3
DB,[HD]MS SQL Server 2016 기반의 데이터베이스 입문에서 활용까지 Part.2-1
DB,[HD]MS SQL Server 2016 기반의 데이터베이스 입문에서 활용까지 Part.2-2
DB,[HD]MS SQL Server 2016 기반의 데이터베이스 입문에서 활용까지 Part.3-1
DB,[HD]MS SQL Server 2016 기반의 데이터베이스 입문에서 활용까지 Part.3-2
DB,[HD]MS SQL Server 2016 기반의 데이터베이스 입문에서 활용까지 Part.4-1
DB,[HD]MS SQL Server 2016 기반의 데이터베이스 입문에서 활용까지 Part.4-2
DB,[HD]MS SQL Server 2016 기반의 데이터베이스 입문에서 활용까지 Part.4-3
DB,[HD]MS SQL Server 2016 기반의 데이터베이스 입문에서 활용까지 Part.4-4
DB,[HD]MS SQL Server 2016 기반의 데이터베이스 입문에서 활용까지 Part.4-5
DB,[HD]MySQL 기초에서 실무까지 완전정복 하기 - 고급 1(스토어드 프로그램)
DB,"[HD]MySQL 기초에서 실무까지 완전정복 하기 - 고급 2(검색 및 DB연동, 회원관리)"
DB,"[HD]MySQL 기초에서 실무까지 완전정복 하기 - 중급 1(조인, SQL프로그래밍)"
DB,"[HD]MySQL 기초에서 실무까지 완전정복 하기 - 중급 2(테이블, 테이블뷰, 인덱스)"
DB,"[HD]MySQL 기초에서 실무까지 완전정복 하기 - 초급 1 (DBMS의 이해와 MySQL설치, SQL 기초 1)"
DB,"[HD]MySQL 기초에서 실무까지 완전정복 하기 - 초급 2(SQL 기초2, 데이터 형식과 내장함수)"
DB,[HD]ORACLE (19c) 기초에서 활용까지 제대로 배우기
DB,[HD]누구나 쉽게 생산성을 높이는 Notion 데이터베이스 - 고급1
DB,[HD]누구나 쉽게 생산성을 높이는 Notion 데이터베이스 - 고급2
DB,[HD]누구나 쉽게 생산성을 높이는 Notion 데이터베이스 - 입문
DB,[HD]누구나 쉽게 생산성을 높이는 Notion 데이터베이스 - 중급1
DB,[HD]누구나 쉽게 생산성을 높이는 Notion 데이터베이스 - 중급2
DB,"[HD]데이터 시각화, 분석 Spotfire(스팟파이어) 제대로 배우기"
DB,"[SSS급 인재] 엑셀보다 쉽게 시작하는 성과 치트키, SQL"
DB,[디지털융합] [ITⓔ코칭] Oracle로 배우는 실전 데이터관리
DB,[디지털융합] [완벽한 DX 가이드] R을 활용한 빅데이터 분석
DB,[디지털융합] [완벽한 DX 가이드] 머신러닝을 활용한 빅데이터 분석
DB,[디지털융합] [완벽한 DX 가이드] 빅데이터 분석을 위한 SQL 활용
DB,[디지털융합] [완벽한 DX 가이드] 빅데이터 분석을 위한 파이썬 기초
DB,[디지털융합] 비전공자를 위한 SQL 입문
DB,[디지털융합] 실습과 함께하는! 데이터베이스 MySQL편
DB,MySQL DataBase
DB,"R고싶은 SQL, 무작정 따라하기"
DB,"SQL, 어디까지 알고 있니? - 실무"
DB,Tidyverse 기초과정
DB,"기초탄탄, SQL 톺아보기 - 입문"
DB,실습과 함께하는! 데이터베이스 Oracle 12c
DB,업무 능률을 높이는 데이터 분석
DB,전략운영 솔루션(R-CLIPS) 실무자 과정
DB,한번에 끝내는 SQL기초실무1[교재포함]
DB,한번에 끝내는 SQL기초실무2
IT 기타,[북러닝] 비전공자를 위한 이해할 수 있는 IT지식
IT 기타,[북러닝] 이것이 마이데이터다
IT 기타,[북스쿨] 나의 첫 IT 수업
IT 기타,IT기기 활용을 위한 e-Book과 app-Book
IT 기타,비전공자로 살아남기 위한 IT 필수지식
IT 기타,"코딩, 그것이 알고 싶다"
IT 기획/전략,"[Get it Trend] 미래의 부를 창출하는 교양수업, 세븐테크-토크콘서트"
IT 기획/전략,"[H Pick+셀] EBS IT의 과거, 우리의 미래"
IT 기획/전략,"[H Pick+셀] EBS 또 다른 세계, 메타버스"
IT 기획/전략,"[H Pick+셀] EBS 인공지능, 21세기에서의 백투더퓨처를 논하다"
IT 기획/전략,"[H Pick+셀] 메타버스 WAR, 신대륙 정복 전쟁"
IT 기획/전략,[H Pick+셀] 웹 3.0 비즈니스의 모든 것
IT 기획/전략,[Hello DT!] 메타버스 네이티브로 살아가기
IT 기획/전략,"[IT 이노베이션]사물인터넷, 신사업의 기회를 창조하다"
IT 기획/전략,[디지털융합] [AI & Bigdata] AI가 알려주는 비즈니스 전략
IT 기획/전략,[디지털융합] 가상세계로 떠나는 메타버스 튜토리얼
IT 기획/전략,[디지털융합] 메타버스가 여는 새로운 세상
IT 기획/전략,[디지털융합] 메타버스로 혁신하는 비즈니스 전략
IT 기획/전략,"[디지털융합] 비즈니스 혁명, 메타버스에 탑승하라"
IT 기획/전략,[디지털융합] 스마트한 세상! 유비쿼터스 IT
IT 기획/전략,[디지털융합] 유니티로 만드는 VR/AR 콘텐츠 기획+개발 스쿨
IT 기획/전략,[북러닝] 네이버 vs 카카오
IT 기획/전략,[북러닝] 삼성페이 이야기
IT 기획/전략,[북러닝] 서비스 기획자로 일하고 있습니다
IT 기획/전략,[북러닝] 앞서가는 직장인의 필수 스킬 : 오늘부터 개발자
IT 기획/전략,[북러닝] 플랫폼 경제와 공짜 점심
IT 기획/전략,"[비전공자를 위한 데이터사이언스] [All that MBA] 데이터 사이언스, 어떻게 인사이트를 얻을 것인가?"
IT 기획/전략,"[비전공자를 위한 데이터사이언스] [Get it Trend] 빅데이터, 비즈니스 애널리틱스로 경쟁력을 높여라!"
IT 기획/전략,[스쿨] 메타버스 비즈니스 마스터
IT 기획/전략,[전사원 UP!] 빅데이터로 관통하는 4차산업의 미래
IT 기획/전략,[카드뉴스] 메타버스 비즈니스 인사이트
IT 기획/전략,4차 산업시대의 성공적인 비즈니스를 위한 사물인터넷
IT 기획/전략,4차산업혁명의 본질과 미래
IT 기획/전략,AI 이노베이션
IT 기획/전략,AI 초격차 시대! 미래 비즈니스로의 접근 - AI 이론편
IT 기획/전략,AI 혁신! 현장에서 바로 쓰는 실전 비즈니스 모델 - AI 실전편
IT 기획/전략,나도 탈 수 있는 메타버스
IT 기획/전략,"디지털 어벤져스, AI가 우리에게 묻는다"
IT 기획/전략,마이데이터 비즈니스전략실무
IT 기획/전략,"마이데이터 시대, 기업이 알아야 할 비즈니스 트렌드"
IT 기획/전략,메타버스 쉽게 이해하고 바로 활용하기
IT 기획/전략,"메타버스 시대, 메타버스 트렌드에서 답을 찾다"
IT 기획/전략,메타버스 신사업 아이디어 노트
IT 기획/전략,사례로 알아보는 AI Transformation 기술
IT 기획/전략,"연결의 진화, 메타버스"
IT 기획/전략,인공지능(AI)이 주도하는 4차 산업혁명 시대
IT 기획/전략,일잘러를 위한 IT 프로젝트
IT 기획/전략,전사원이 학습하는 사물인터넷과 4차산업의 미래
IT 기획/전략,초보 김과장의 게더타운 입문기
IT 기획/전략,"플랫폼 시대, 플랫폼 비즈니스를 알면 성공이 보인다!"
IT 기획/전략,한번에 따라잡는 4차산업 디지털 융합의 이해
Mobile,[HD]Dreamweaver (드림위버) 로 시작하는 모바일 웹 제작 Part.1
Mobile,[HD]Dreamweaver (드림위버) 로 시작하는 모바일 웹 제작 Part.2
Mobile,[HD]Kotlin(코틀린) 기초입문 제대로 배우기 Part.1
Mobile,[HD]Kotlin(코틀린) 기초입문 제대로 배우기 Part.2
Mobile,[HD]Kotlin(코틀린) 중급문법 제대로 배우기 Part.1 OOP 프로그래밍
Mobile,[HD]Kotlin(코틀린) 중급문법 제대로 배우기 Part.2 안드로이드 스튜디오
Mobile,[HD]코딩 없이 앱을 만드는 MIT App Inventor 제대로 배우기 Part.1
Mobile,[HD]코딩 없이 앱을 만드는 MIT App Inventor 제대로 배우기 Part.2
Mobile,[코딩] 재미있게 배우는 코딩의 시작 - 앱 인벤터 제대로 배우기 고급
Mobile,[코딩] 재미있게 배우는 코딩의 시작 - 앱 인벤터 제대로 배우기 중급
Mobile,[코딩] 재미있게 배우는 코딩의 시작 - 앱 인벤터 제대로 배우기 초급
Mobile,Kotlin 기반 안드로이드 앱 개발 Part1 - UI Programming
Mobile,Kotlin 기반 안드로이드 앱 개발 Part2 - 메뉴와 4대 구성요소
Mobile,Kotlin 기반 안드로이드 앱 개발 Part3 - 데이터 관리와 네트워크
Mobile,Kotlin 기반 안드로이드 앱 개발 Part4 - 실전 프로젝트
Mobile,Kotlin으로 만드는 ′심플셀스타그램′ app
Mobile,모두를 위한 안드로이드 프로그래밍
Mobile,무엇이든 SWIFT로 만들어보세요
Mobile,자바 기반 안드로이드 앱개발 Part.1
Mobile,자바 기반 안드로이드 앱개발 Part.2
Network,[HD]Cloud(클라우드) 인프라 관리 및 실무 기초1
Network,[HD]Cloud(클라우드) 인프라 관리 및 실무 기초2
Network,[HD]Cloud(클라우드) 인프라 관리 및 실무 기초3
Network,[HD]Cloud(클라우드) 인프라 관리 및 실무 기초4
Network,[HD]Cloud(클라우드) 컴퓨팅 기술의 이해 Part.1
Network,[HD]Cloud(클라우드) 컴퓨팅 기술의 이해 Part.2
Network,[HD]클라우드 컴퓨팅 Azure(에저)와 Azure DevOps를 사용하여 데브옵스 시작하기 Part.1
Network,[HD]클라우드 컴퓨팅 Azure(에저)와 Azure DevOps를 사용하여 데브옵스 시작하기 Part.2
Network,[ICT 지식 큐브] 네트워크와 클라우드
Network,AWS로 시작하는 클라우드 컴퓨팅
Network,Big Network Design(네트워크디자인)
Network,Git ＆ Github 실무 활용
Network,데브옵스(DevOps)를 위한 쿠버네티스 시작하기
Network,도커(Docker)로 시작하는 가상화＆클라우드 컴퓨팅
Network,디지털 융합의 중심-클라우드 BASIC!
Network,뜬구름 잡지 말고 클라우드 제대로 이해하기
Network,전문가에게 배우는 나의 첫 AWS
Network,처음 배우는 Git/GitHub
OS,"[HD]실전 OS이론 및 Unix, Linux(유닉스, 리눅스) 실전 핵심 배우기 Part.1"
OS,"[HD]실전 OS이론 및 Unix, Linux(유닉스, 리눅스) 실전 핵심 배우기 Part.2"
OS,"[HD]실전 OS이론 및 Unix, Linux(유닉스, 리눅스) 실전 핵심 배우기 Part.3"
OS,"[HD]실전 OS이론 및 Unix, Linux(유닉스, 리눅스) 실전 핵심 배우기 Part.4"
OS,[HD]왕초보를 위한 Windows 10 기초
OS,[HD]왕초보를 위한 Windows 10 활용 (컴퓨터활용)
OS,"[HD]처음 만나는 macOS Big Sur(빅서) 2021 Part.1 인터넷, 기본기능, 데스크탑 등"
OS,"[HD]처음 만나는 macOS Big Sur(빅서) 2021 Part.2 캘린더, 연락처, 나의 찾기"
OS,[HD]처음 만나는 macOS Big Sur(빅서) 2021 Part.3 Mail 설정에서 관리까지
OS,"[HD]처음 만나는 macOS Big Sur(빅서) 2021 Part.4 서체, 지도, 메모, 사진공유 등"
OS,"[HD]처음 만나는 macOS Big Sur(빅서) 2021 Part.5 텍스트, 오디오, 비디오관리, 환경설정, iCloud 등"
OS,[HD]초보자를 위한 Windows 11 제대로 배우기
OS,"[디지털융합] 앱(App)의 새로운 바람, 타이젠(Tizen) 프로그래밍"
OS,[온캠] 입문자를 위한 리눅스 마스터
OS,windows 10 윈도우 여러기능및 사용법 배우기
OS,맥에서 강력하게 설치를 추천하는 서드파티 배우기
OS,쉽게 찾아 바로 즐기는 Windows 10
OS,엣지있게! 프로답게! Windows 11 활용하기
Security,[HD]SW개발보안 - Secure Coding(시큐어 코딩) 제대로 배우기
Security,"[HD]개발자를 위한 침해사고(해킹, 바이러스 등) 기초 다지기 1 (개요 및 대응전략, 윈도우, 리눅스 분석)"
Security,"[HD]개발자를 위한 침해사고(해킹, 바이러스 등) 기초 다지기 2 (네트워크, 데이터베이스 점검 및 분석, 침입탐지시스템)"
Security,"[HD]개발자를 위한 침해사고(해킹, 바이러스 등) 기초 다지기 3 (방화벽 iptables, 보안 솔루션의 특징 및 점검도구)"
Security,[시스템 해킹 입문]프로토스타 튜토리얼
Security,랜섬웨어 예방 및 사이버 보안의 첫 걸음-전사원을 교육하라!
Security,레나(Lena)를 활용한 윈도우 리버싱 완벽 이해
Security,알아두면 쓸모 있는 신비한 사이버보안
Security,전사원이 알아야 할 랜섬웨어와 악성코드 예방법
Security,챌린지로 알아보는 디지털포렌식 해킹 대회 풀이 (기초 과정)
Security,챌린지로 알아보는 디지털포렌식 해킹 대회 풀이 (심화 과정)
Security,포렌식 분석 통합 과정
Security,프리다를 활용한 안드로이드 모의해킹
Security,"해킹과 침투의 시대, 보안을 배우다"
Security,해킹대회 문제로 알아보는 파일시스템 포렌식 분석 과정
디자인,[HD]3D 게임 디자이너에게 배우는 Zbrush 2020 기초
디자인,[HD]3D 게임 디자이너에게 배우는 Zbrush 2020 활용
디자인,[HD]3DS MAX 2020 재질 기초 이론 및 활용
디자인,[HD]Adobe Illustrator 2018로 인포그래픽 제작하기
디자인,[HD]Adobe Illustrator 2018로 카드뉴스 제작하기
디자인,"[HD]Adobe Premiere Pro CC 2018, 2019 영상편집의 입문 Part.1"
디자인,"[HD]Adobe Premiere Pro CC 2018, 2019 영상편집의 입문 Part.2"
디자인,"[HD]Adobe Premiere Pro CC 2018, 2019 영상편집의 입문 Part.3"
디자인,"[HD]Adobe Premiere Pro CC 2018, 2019 영상편집의 입문 Part.4"
디자인,[HD]Adobe Premiere Pro CC 2021 영상 편집의 입문 Part.1
디자인,[HD]Adobe Premiere Pro CC 2021 영상 편집의 입문 Part.2
디자인,[HD]Adobe Premiere Pro CC 2021 영상 편집의 입문 Part.3
디자인,[HD]Adobe Premiere Pro CC 2021 영상 편집의 입문 Part.4
디자인,[HD]Adobe XD 2021 기초 다지기
디자인,[HD]AutoCAD 2022 2D 기초 다지기
디자인,[HD]AutoCAD 2022 2D 제대로 활용하기
디자인,[HD]AutoCAD 2022 3D 기초 다지기
디자인,[HD]AutoCAD 2022 3D 제대로 활용하기
디자인,[HD]Blender(블렌더) 3.0 3D 그래픽의 입문 Part.1
디자인,[HD]Blender(블렌더) 3.0 3D 그래픽의 입문 Part.2
디자인,[HD]Blender(블렌더) 3.0 3D 그래픽의 입문 Part.3
디자인,[HD]Blender(블렌더) 3.0 3D 그래픽의 입문 Part.4
디자인,[HD]Blender(블렌더) 3.0 3D 그래픽의 입문 Part.5
디자인,[HD]Cinema 4D R23으로 시작하는 3D 그래픽 입문 Part.1 3D 그래픽의 기본 작업
디자인,[HD]Cinema 4D R23으로 시작하는 3D 그래픽 입문 Part.2 Modeling
디자인,[HD]Cinema 4D R23으로 시작하는 3D 그래픽 입문 Part.3 Rendering
디자인,[HD]Cinema 4D R23으로 시작하는 3D 그래픽 입문 Part.4 Animation ＆ Motion
디자인,[HD]Illustrator CC 2020 제대로 배우기
디자인,[HD]Illustrator CC 2021 기초 다지기
디자인,[HD]Illustrator CC 2021 활용하기
디자인,[HD]Photoshop CC 2020 제대로 배우기
디자인,[HD]Photoshop CC 2021 기초 다지기
디자인,[HD]Photoshop CC 2021 활용하기
디자인,[HD]V-Ray Next for 3DS MAX 2020 - 실내씬 적용
디자인,[HD]V-Ray NEXT 이론에서 적용까지 Part.1
디자인,[HD]V-Ray NEXT 이론에서 적용까지 Part.2
디자인,[HD]V-Ray NEXT 이론에서 적용까지 Part.3
디자인,[HD]V-Ray NEXT 이론에서 적용까지 Part.4
디자인,"[HD]기계제도 제대로 배우기 Part1 - KS 규격집 찾는 방법 및 적용, 기어박스 (AutoCAD 2020, INVENTOR 2020 활용)"
디자인,"[HD]기계제도 제대로 배우기 Part2 - 동력변환장치 및 편심구동장치 (AutoCAD 2020, INVENTOR 2020 활용)"
디자인,"[HD]기계제도 제대로 배우기 Part3 - 드릴지그 및 리밍지그 (AutoCAD 2020, INVENTOR 2020 활용)"
디자인,"[HD]기계제도 제대로 배우기 Part4 - 클램프 (AutoCAD 2020, INVENTOR 2020 활용)"
디자인,"[HD]기계제도 제대로 배우기 Part5 - 바이스 및 피벗베어링하우징 (AutoCAD 2020, INVENTOR 2020 활용)"
디자인,[HD]누구나 쉽게 만들수 있는 게임 그래픽 제작 (2D슈팅게임) Part.1
디자인,[HD]누구나 쉽게 만들수 있는 게임 그래픽 제작 (2D슈팅게임) Part.2
디자인,[HD]누구나 쉽게 만들수 있는 게임 그래픽 제작 (2D슈팅게임) Part.3
디자인,[HD]누구나 쉽게 만들수 있는 게임 그래픽 제작 (2D슈팅게임) Part.4
디자인,[HD]누구나 쉽게 만들수 있는 게임 그래픽 제작 (2D슈팅게임) Part.5
디자인,[HD]누구나 쉽게 만들수 있는 게임 그래픽 제작 (2D슈팅게임) Part.6
디자인,[HD]누구나 할수있다. 이모티콘 디자이너가 되어보자. Part.1 수달 이모티콘 만들기
디자인,[HD]누구나 할수있다. 이모티콘 디자이너가 되어보자. Part.2 요정 캐릭터 만들기
디자인,[HD]누구나 할수있다. 이모티콘 디자이너가 되어보자. Part.3 실사 움직이는 이모티콘 만들기
디자인,[HD]누구나 할수있다. 이모티콘 디자이너가 되어보자. Part.4 힙합 캐릭터 만들기
디자인,[HD]누구나 할수있다. 이모티콘 디자이너가 되어보자. Part.5 디아블로코믹 이모티콘 만들기
디자인,[HD]누구나 할수있다. 이모티콘 디자이너가 되어보자. Part.6 삐에로 이모티콘 만들기
디자인,[HD]따라하면 다 하는 3DS MAX 2020 (인테리어 실무 완전정복) Part.1
디자인,[HD]따라하면 다 하는 3DS MAX 2020 (인테리어 실무 완전정복) Part.2
디자인,[HD]따라하면 다 하는 3DS MAX 2020 (인테리어 실무 완전정복) Part.3
디자인,[HD]따라하면 다 하는 3DS MAX 2020 (인테리어 실무 완전정복) Part.4
디자인,[HD]따라하면 다 하는 3DS MAX 2020 (인테리어 실무 완전정복) Part.5
디자인,[HD]따라하면 다 하는 3DS MAX 2020 (인테리어 실무 완전정복) Part.6
디자인,[HD]따라하면 다 하는 3DS MAX 2020 (인테리어 실무 완전정복) Part.7
디자인,[HD]맥 파이널컷프로 제대로 배우기
디자인,[HD]쉽게 따라하는 AutoCAD 2019 2D 한글
디자인,[HD]쉽게 따라하는 AutoCAD 2019 3D 한글
디자인,[HD]쉽게 따라하는 AutoCAD 2020 2D 한글
디자인,[HD]쉽게 따라하는 AutoCAD 2020 3D 한글
디자인,[HD]쉽게 따라하는 AutoCAD 2021 2D 한글
디자인,[HD]쉽게 따라하는 AutoCAD 2021 3D 한글
디자인,[HD]쉽게 따라하는 Enscape 2.41 for SketchUp 2018
디자인,[HD]쉽게 따라하는 SketchUP Pro 2018
디자인,[HD]쉽게 따라하는 SketchUp Pro 2019 한글
디자인,[HD]쉽게 따라하는 SketchUp PRO 2020 한글
디자인,[HD]쉽게 따라하는 SketchUp Pro 2021 한글 Part.1
디자인,[HD]쉽게 따라하는 SketchUp Pro 2021 한글 Part.2
디자인,[HD]쉽게 따라하는 Vray 3.6 For SketchUP pro 2018
디자인,[HD]쉽게 배우는 인디자인 CC 2021 기초
디자인,[HD]쉽게 배우는 인디자인 CC 2021 활용1
디자인,[HD]쉽게 배우는 인디자인 CC 2021 활용2
디자인,[HD]실무 원 페이지 웹앱 디자인 제대로 배우기 Part.1
디자인,[HD]실무 원 페이지 웹앱 디자인 제대로 배우기 Part.2
디자인,[HD]실무도면으로 시작하는 3DS MAX 2020 대강당 프로젝트 Part.1
디자인,[HD]실무도면으로 시작하는 3DS MAX 2020 대강당 프로젝트 Part.2
디자인,[HD]실무도면으로 시작하는 3DS MAX 2020 대강당 프로젝트 Part.3
디자인,[HD]실무도면으로 시작하는 3DS MAX 2020 대강당 프로젝트 Part.4
디자인,[HD]실무도면으로 시작하는 3DS MAX 2020 대강당 프로젝트 Part.5
디자인,[HD]실무도면으로 시작하는 3DS MAX 2020 대강당 프로젝트 Part.6
디자인,[HD]실무도면으로 시작하는 3DS MAX 2020 대강당 프로젝트 Part.7
디자인,[HD]실무로 배우는 Illustrator CC 2020
디자인,[HD]실무로 배우는 Photoshop CC 2020
디자인,[HD]영상편집 Davinci Resolve(다빈치 리졸브) 16버전의 입문 Part.1
디자인,[HD]영상편집 Davinci Resolve(다빈치 리졸브) 16버전의 입문 Part.2
디자인,[HD]영상편집 Davinci Resolve(다빈치 리졸브) 16버전의 입문 Part.3
디자인,[HD]왕초보를 위한 Photoshop CC 2020
디자인,[HD]초보자를 위한 영상편집 곰믹스 Pro 제대로 배우기
디자인,[HD]최강의 무료 영상편집 Davinci Resolve(다빈치 리졸브) V17 Fusion 입문 Part.1
디자인,[HD]최강의 무료 영상편집 Davinci Resolve(다빈치 리졸브) V17 Fusion 입문 Part.2
디자인,[HD]최강의 무료 영상편집 Davinci Resolve(다빈치 리졸브) V17 Fusion 입문 Part.3
디자인,[HD]최강의 무료 영상편집 Davinci Resolve(다빈치 리졸브) V17 Fusion 입문 Part.4
디자인,[PASS]라이노6 3D 모델링
디자인,[온캠] 멀티미디어 영상편집 베이직
디자인,[온캠] 프로다운 색의 조화를 창출하기 위한 색채디자인 기획
디자인,AutoCAD 2019 전문가가 되기 위한 기초실무과정
디자인,AutoCAD를 활용한 건축설계 심화핵심실무
디자인,Figma를 활용한 디지털 기획 입문
디자인,XD를 활용한 모바일 UIUX 디자인 실무 과정
디자인,"감각 있는 디자인의 모든 것, 일러스트 CC"
디자인,"나 혼자 만든다, 프리미어"